{"cameraMode":{"drawMode":0,"name":"Shaded","section":"Shading Mode"},"sceneLighting":true,"audioPlay":false,"sceneViewState":{"showFog":true,"showMaterialUpdate":false,"showSkybox":true,"showFlares":true,"showImageEffects":true,"showParticleSystems":true},"in2DMode":false,"pivot":{"x":6.834957122802734,"y":-4.310090065002441,"z":14.04092788696289},"rotation":{"x":0.10615184158086777,"y":-0.8047229051589966,"z":0.15142889320850373,"w":0.56411212682724},"size":51.833316802978519,"orthographic":false}